{
  "project_info": {
    "project_number": "357195452953",
    "project_id": "divyansh-8858c",
    "storage_bucket": "divyansh-8858c.firebasestorage.app"
  },
  "client": [
    {
      "client_info": {
        "mobilesdk_app_id": "1:357195452953:android:2801512ad7446f68a59088",
        "android_client_info": {
          "package_name": "com.red.photo"
        }
      },
      "oauth_client": [],
      "api_key": [
        {
          "current_key": "AIzaSyBHRSwbCNYpcmLv2n7oo9BhamFnCUvfk1E"
        }
      ],
      "services": {
        "appinvite_service": {
          "other_platform_oauth_client": []
        }
      }
    }
  ],
  "configuration_version": "1"
}